{
  "run": [
    {
      "filePath": "/MasterDetailApp/webapp/Component.js",
      "previewMode": 1,
      "dataMode": 1,
      "workspace": "withoutWorkspace",
      "ui5ActiveVersion": "snapshot",
      "ui5VerSource": null,
      "isDefaultVersion": 1,
      "urlParameters": [
        {
          "paramName": "",
          "paramValue": "",
          "paramActive": false
        },
        {
          "paramName": "",
          "paramValue": "",
          "paramActive": false
        }
      ],
      "hashParameter": "",
      "_metadata": {
        "id": "5283313",
        "runnerId": "fiorirunner",
        "displayName": "App as Fiori Component",
        "lastRunTimeStamp": 1614367275883
      }
    },
    {
      "filePath": "/MasterDetailApp/webapp/test/flpSandbox.html",
      "previewMode": 1,
      "dataMode": 1,
      "workspace": "withoutWorkspace",
      "urlParameters": [
        {
          "paramName": "",
          "paramValue": "",
          "paramActive": false
        },
        {
          "paramName": "",
          "paramValue": "",
          "paramActive": false
        }
      ],
      "hashParameter": "MasterDetailApp-display",
      "ui5ActiveVersion": "snapshot",
      "ui5VerSource": null,
      "isDefaultVersion": 1,
      "_metadata": {
        "id": "7404909",
        "runnerId": "webapprunner",
        "displayName": "App in FLP Sandbox",
        "lastRunTimeStamp": 1614337494883
      }
    },
    {
      "filePath": "/MasterDetailApp/webapp/test/flpSandboxMockServer.html",
      "previewMode": 1,
      "dataMode": 1,
      "workspace": "withoutWorkspace",
      "urlParameters": [
        {
          "paramName": "",
          "paramValue": "",
          "paramActive": false
        },
        {
          "paramName": "",
          "paramValue": "",
          "paramActive": false
        }
      ],
      "hashParameter": "MasterDetailApp-display",
      "ui5ActiveVersion": "snapshot",
      "ui5VerSource": null,
      "isDefaultVersion": 1,
      "_metadata": {
        "id": "2915854",
        "runnerId": "webapprunner",
        "displayName": "App in FLP Sandbox (Mock Server)"
      }
    },
    {
      "filePath": "/MasterDetailApp/webapp/test/unit/unitTests.qunit.html",
      "previewMode": 1,
      "dataMode": 1,
      "workspace": "withoutWorkspace",
      "ui5ActiveVersion": "snapshot",
      "ui5VerSource": null,
      "isDefaultVersion": 1,
      "urlParameters": [
        {
          "paramName": "",
          "paramValue": "",
          "paramActive": false
        },
        {
          "paramName": "",
          "paramValue": "",
          "paramActive": false
        }
      ],
      "_metadata": {
        "id": "6256337",
        "runnerId": "webapprunner",
        "displayName": "Unit Tests"
      }
    },
    {
      "filePath": "/MasterDetailApp/webapp/test/integration/opaTests.qunit.html",
      "previewMode": 1,
      "dataMode": 1,
      "workspace": "withoutWorkspace",
      "ui5ActiveVersion": "snapshot",
      "ui5VerSource": null,
      "isDefaultVersion": 1,
      "urlParameters": [
        {
          "paramName": "",
          "paramValue": "",
          "paramActive": false
        },
        {
          "paramName": "",
          "paramValue": "",
          "paramActive": false
        }
      ],
      "hashParameter": "",
      "_metadata": {
        "id": "6239186",
        "runnerId": "webapprunner",
        "displayName": "OPA Tests"
      }
    },
    {
      "filePath": "/MasterDetailApp/webapp/test/testsuite.qunit.html",
      "previewMode": 1,
      "dataMode": 1,
      "workspace": "withoutWorkspace",
      "ui5ActiveVersion": "snapshot",
      "ui5VerSource": null,
      "isDefaultVersion": 1,
      "urlParameters": [
        {
          "paramName": "",
          "paramValue": "",
          "paramActive": false
        },
        {
          "paramName": "",
          "paramValue": "",
          "paramActive": false
        }
      ],
      "hashParameter": "",
      "_metadata": {
        "id": "3171516",
        "runnerId": "webapprunner",
        "displayName": "Test Suite (Unit, OPA)"
      }
    }
  ]
}