{
  "run": [
    {
      "filePath": "/WorkList/webapp/index.html",
      "previewMode": 1,
      "dataMode": 1,
      "workspace": "withoutWorkspace",
      "urlParameters": [
        {
          "paramName": "",
          "paramValue": "",
          "paramActive": false
        },
        {
          "paramName": "",
          "paramValue": "",
          "paramActive": false
        }
      ],
      "hashParameter": "",
      "ui5ActiveVersion": "snapshot",
      "ui5VerSource": null,
      "isDefaultVersion": 1,
      "_metadata": {
        "id": "7280119",
        "runnerId": "webapprunner",
        "displayName": "App",
        "lastRunTimeStamp": 1613072034296
      }
    },
    {
      "filePath": "/WorkList/webapp/test/mockServer.html",
      "previewMode": 1,
      "dataMode": 1,
      "workspace": "withoutWorkspace",
      "urlParameters": [
        {
          "paramName": "",
          "paramValue": "",
          "paramActive": false
        },
        {
          "paramName": "",
          "paramValue": "",
          "paramActive": false
        }
      ],
      "hashParameter": "",
      "ui5ActiveVersion": "snapshot",
      "ui5VerSource": null,
      "isDefaultVersion": 1,
      "_metadata": {
        "id": "6992491",
        "runnerId": "webapprunner",
        "displayName": "App (Mock Server)"
      }
    },
    {
      "filePath": "/WorkList/webapp/test/unit/unitTests.qunit.html",
      "previewMode": 1,
      "dataMode": 1,
      "workspace": "withoutWorkspace",
      "ui5ActiveVersion": "snapshot",
      "ui5VerSource": null,
      "isDefaultVersion": 1,
      "urlParameters": [
        {
          "paramName": "",
          "paramValue": "",
          "paramActive": false
        },
        {
          "paramName": "",
          "paramValue": "",
          "paramActive": false
        }
      ],
      "_metadata": {
        "id": "1559779",
        "runnerId": "webapprunner",
        "displayName": "Unit Tests"
      }
    },
    {
      "filePath": "/WorkList/webapp/test/integration/opaTests.qunit.html",
      "previewMode": 1,
      "dataMode": 1,
      "workspace": "withoutWorkspace",
      "ui5ActiveVersion": "snapshot",
      "ui5VerSource": null,
      "isDefaultVersion": 1,
      "urlParameters": [
        {
          "paramName": "",
          "paramValue": "",
          "paramActive": false
        },
        {
          "paramName": "",
          "paramValue": "",
          "paramActive": false
        }
      ],
      "hashParameter": "",
      "_metadata": {
        "id": "25569",
        "runnerId": "webapprunner",
        "displayName": "OPA Tests"
      }
    },
    {
      "filePath": "/WorkList/webapp/test/testsuite.qunit.html",
      "previewMode": 1,
      "dataMode": 1,
      "workspace": "withoutWorkspace",
      "ui5ActiveVersion": "snapshot",
      "ui5VerSource": null,
      "isDefaultVersion": 1,
      "urlParameters": [
        {
          "paramName": "",
          "paramValue": "",
          "paramActive": false
        },
        {
          "paramName": "",
          "paramValue": "",
          "paramActive": false
        }
      ],
      "hashParameter": "",
      "_metadata": {
        "id": "6100092",
        "runnerId": "webapprunner",
        "displayName": "Test Suite (Unit, OPA)"
      }
    }
  ]
}